{
    "loss": 6.861691474914551,
    "accuracy": 0.6700453162193298
}