{
    "loss": 118.68468475341797,
    "accuracy": 0.3431609570980072
}