{
    "loss": 144.2734832763672,
    "accuracy": 0.3465442359447479
}